{"episode_lengths": [899, 813, 787, 806, 1017, 973, 990, 887, 755, 1138, 822, 902, 901, 826, 932, 787, 791, 1226, 746, 1153, 937, 949, 832, 915, 1026, 1237, 988, 953, 909, 894, 850, 885, 799, 633, 1204, 936, 872, 799, 692, 1135, 849, 1091, 889, 1098, 629, 918, 1021, 808, 824, 579, 823, 981, 1050, 1084, 983, 822, 795, 869, 991, 1047, 997, 859, 720, 919, 738, 856, 1160, 1388, 973, 1006, 816, 1000, 766, 1106, 1231, 1059], "initial_reset_timestamp": 1492700614.4243717, "episode_rewards": [13.0, 9.0, 10.0, 16.0, 26.0, 14.0, 16.0, 14.0, 10.0, 25.0, 13.0, 19.0, 23.0, 10.0, 19.0, 24.0, 10.0, 21.0, 12.0, 21.0, 15.0, 25.0, 12.0, 15.0, 15.0, 28.0, 21.0, 16.0, 13.0, 18.0, 18.0, 17.0, 14.0, 11.0, 24.0, 16.0, 18.0, 14.0, 10.0, 19.0, 17.0, 17.0, 14.0, 28.0, 17.0, 13.0, 22.0, 16.0, 14.0, 9.0, 12.0, 15.0, 19.0, 26.0, 22.0, 14.0, 13.0, 18.0, 16.0, 20.0, 17.0, 13.0, 11.0, 16.0, 13.0, 18.0, 23.0, 26.0, 18.0, 21.0, 17.0, 20.0, 16.0, 23.0, 30.0, 25.0], "episode_types": ["t", "t", "t", "t", "t", "t", "t", "t", "t", "t", "t", "t", "t", "t", "t", "t", "t", "t", "t", "t", "t", "t", "t", "t", "t", "t", "t", "t", "t", "t", "t", "t", "t", "t", "t", "t", "t", "t", "t", "t", "t", "t", "t", "t", "t", "t", "t", "t", "t", "t", "t", "t", "t", "t", "t", "t", "t", "t", "t", "t", "t", "t", "t", "t", "t", "t", "t", "t", "t", "t", "t", "t", "t", "t", "t", "t", "t"], "timestamps": [1492700889.359455, 1492701177.8002932, 1492702179.521633, 1492702479.9671426, 1492702833.3370774, 1492703173.7376974, 1492703515.8460732, 1492703817.1437793, 1492704078.0733237, 1492704469.9995072, 1492704755.4214947, 1492705068.7587829, 1492705380.3083527, 1492705674.587014, 1492706005.8108828, 1492706285.8201797, 1492706598.4581504, 1492707080.946882, 1492707376.715644, 1492707838.3582742, 1492708200.857125, 1492708569.3890085, 1492708889.852117, 1492709251.5245936, 1492709655.7782347, 1492710139.1572492, 1492710526.815438, 1492710903.58954, 1492711265.421956, 1492711620.9619675, 1492711958.7843409, 1492712313.6539881, 1492712631.993405, 1492712881.9532104, 1492713358.5357418, 1492713724.808116, 1492714066.8472838, 1492714379.4360094, 1492714654.6916232, 1492715099.9845507, 1492715434.1535788, 1492715865.4521687, 1492716214.4920926, 1492716648.5510325, 1492716899.6637394, 1492717260.4310277, 1492717660.6444647, 1492717977.7638505, 1492718305.19613, 1492718533.8478105, 1492718857.800811, 1492719244.976256, 1492719659.8100443, 1492720110.0619316, 1492720496.2293496, 1492720821.8608968, 1492721136.80835, 1492721480.0854614, 1492721870.0872068, 1492722282.2655387, 1492722674.4384181, 1492723016.7854848, 1492723302.5644243, 1492723664.4723835, 1492723956.8702269, 1492724294.1279085, 1492724751.649643, 1492725297.3142903, 1492725683.0470154, 1492726080.280653, 1492726406.1345708, 1492726812.062488, 1492727100.8762112, 1492727531.2934132, 1492728003.059452, 1492728391.9249039]}