{"episode_rewards": [3.0, 7.0, 4.0, 7.0, 2.0, 6.0, 4.0, 3.0, 8.0, 0.0, 6.0, 4.0, 3.0, 5.0, 2.0, 2.0, 6.0, 3.0, 6.0, 4.0, 5.0, 3.0, 6.0, 6.0, 2.0, 5.0, 1.0, 3.0, 6.0, 3.0, 4.0, 5.0, 4.0, 1.0, 0.0, 3.0, 3.0, 1.0, 1.0, 3.0, 7.0, 3.0, 13.0, 4.0, 3.0, 7.0, 3.0, 4.0, 1.0, 1.0, 6.0, 7.0, 6.0, 5.0, 4.0, 3.0, 6.0, 3.0, 6.0, 8.0, 4.0, 10.0, 5.0, 13.0, 4.0, 6.0, 4.0, 10.0, 7.0, 6.0, 7.0, 9.0, 4.0, 9.0, 3.0, 6.0, 6.0, 3.0, 15.0, 8.0, 4.0, 8.0, 6.0, 6.0, 5.0, 5.0, 7.0, 6.0, 7.0, 5.0, 5.0, 5.0, 10.0, 7.0, 5.0, 6.0, 8.0, 8.0, 6.0, 6.0, 3.0, 6.0, 5.0, 22.0, 9.0, 7.0, 5.0, 8.0, 8.0, 7.0, 4.0, 9.0, 5.0, 11.0, 7.0, 27.0, 7.0, 8.0, 7.0, 11.0, 7.0, 4.0, 3.0, 6.0, 5.0, 9.0, 3.0, 7.0, 7.0, 9.0, 6.0, 3.0, 17.0, 10.0, 15.0, 14.0, 10.0, 9.0, 8.0, 9.0, 11.0, 8.0, 17.0, 10.0, 6.0, 11.0, 9.0, 12.0, 11.0, 8.0, 12.0, 13.0, 12.0, 9.0, 11.0, 10.0, 17.0, 9.0, 13.0, 11.0, 14.0, 12.0, 11.0, 15.0, 13.0, 18.0, 21.0, 14.0, 11.0, 12.0, 14.0, 11.0, 11.0, 10.0, 13.0, 7.0, 8.0, 19.0, 16.0, 23.0, 13.0, 10.0, 15.0, 14.0, 12.0, 22.0, 14.0, 11.0, 14.0, 17.0, 9.0, 5.0, 7.0, 10.0, 16.0, 14.0, 19.0, 10.0, 15.0, 22.0, 13.0], "episode_types": ["t", "t", "t", "t", "t", "t", "t", "t", "t", "t", "t", "t", "t", "t", "t", "t", "t", "t", "t", "t", "t", "t", "t", "t", "t", "t", "t", "t", "t", "t", "t", "t", "t", "t", "t", "t", "t", "t", "t", "t", "t", "t", "t", "t", "t", "t", "t", "t", "t", "t", "t", "t", "t", "t", "t", "t", "t", "t", "t", "t", "t", "t", "t", "t", "t", "t", "t", "t", "t", "t", "t", "t", "t", "t", "t", "t", "t", "t", "t", "t", "t", "t", "t", "t", "t", "t", "t", "t", "t", "t", "t", "t", "t", "t", "t", "t", "t", "t", "t", "t", "t", "t", "t", "t", "t", "t", "t", "t", "t", "t", "t", "t", "t", "t", "t", "t", "t", "t", "t", "t", "t", "t", "t", "t", "t", "t", "t", "t", "t", "t", "t", "t", "t", "t", "t", "t", "t", "t", "t", "t", "t", "t", "t", "t", "t", "t", "t", "t", "t", "t", "t", "t", "t", "t", "t", "t", "t", "t", "t", "t", "t", "t", "t", "t", "t", "t", "t", "t", "t", "t", "t", "t", "t", "t", "t", "t", "t", "t", "t", "t", "t", "t", "t", "t", "t", "t", "t", "t", "t", "t", "t", "t", "t", "t", "t", "t", "t", "t", "t", "t", "t", "t"], "timestamps": [1492611466.0928001, 1492611649.864605, 1492611792.6988018, 1492611992.404517, 1492612116.5224512, 1492612327.4175947, 1492612464.7129636, 1492612593.9508343, 1492612826.4977934, 1492612903.893193, 1492613098.439185, 1492613239.8580968, 1492613352.3241618, 1492613556.388906, 1492613692.8241465, 1492613807.1529696, 1492614034.5823007, 1492614166.1675959, 1492614361.2495906, 1492614503.5460548, 1492614756.1537693, 1492614886.7164443, 1492615093.7930944, 1492615305.8487055, 1492615429.8284261, 1492615662.0817704, 1492615747.6238055, 1492615901.6860104, 1492616101.5244257, 1492616241.267974, 1492616406.809511, 1492616573.8558125, 1492616825.2476752, 1492616925.3449838, 1492617002.2513137, 1492617128.571833, 1492617278.3898954, 1492617365.89087, 1492617452.1664426, 1492617593.7645693, 1492617806.2087827, 1492617974.454456, 1492618281.8874214, 1492618454.405738, 1492618577.7715855, 1492618827.0585692, 1492618969.8486543, 1492619119.2498453, 1492619244.2569275, 1492619343.2872727, 1492619581.4842534, 1492619838.2831717, 1492620097.6850042, 1492620292.587201, 1492620436.9483008, 1492620584.8898654, 1492620775.8309805, 1492620904.298854, 1492621127.522246, 1492621391.7772596, 1492621562.7459126, 1492621893.0480192, 1492622075.560977, 1492622388.8801484, 1492622536.9231887, 1492622747.8924446, 1492622912.838668, 1492623134.0342228, 1492623341.5474617, 1492623535.2724304, 1492623729.893438, 1492624007.6725461, 1492624168.1916566, 1492624408.305832, 1492624591.2758577, 1492624803.4990935, 1492625001.7523723, 1492625126.7798462, 1492625449.7067008, 1492625666.093349, 1492625826.4107096, 1492626063.1176324, 1492626301.9148147, 1492626553.317234, 1492626754.1213882, 1492626925.8378775, 1492627192.318102, 1492627383.3294885, 1492627569.249701, 1492627749.0770154, 1492627951.6793468, 1492628124.061976, 1492628383.5438938, 1492628591.4159653, 1492628791.332645, 1492628985.600775, 1492629261.937768, 1492629487.818408, 1492629723.5854354, 1492629909.3376658, 1492630067.8442469, 1492630287.485834, 1492630482.4311635, 1492630857.8350592, 1492631154.0292976, 1492631370.4836888, 1492631604.9370077, 1492631871.288204, 1492632113.6916835, 1492632322.31252, 1492632500.270109, 1492632764.3254488, 1492632945.2749307, 1492633266.3996382, 1492633516.5395062, 1492633937.284952, 1492634178.1573212, 1492634409.8076315, 1492634697.288543, 1492634983.2766626, 1492635211.0019226, 1492635424.1490383, 1492635575.9584262, 1492635788.6662922, 1492635967.4654686, 1492636234.8173947, 1492636434.4824593, 1492636711.7123213, 1492637013.0623808, 1492637362.0881944, 1492637582.5858057, 1492637731.145747, 1492638039.8116434, 1492638289.1947064, 1492638620.0274646, 1492638937.203493, 1492639185.5089824, 1492639406.1120856, 1492639614.5573013, 1492639847.7538054, 1492640105.6255302, 1492640319.0557199, 1492640675.1088717, 1492640959.820956, 1492641147.158003, 1492641415.532222, 1492641697.436126, 1492641974.402321, 1492642264.9994674, 1492642527.1831791, 1492642822.412573, 1492643128.1591833, 1492643477.4661562, 1492643747.4888337, 1492644051.2122915, 1492644353.6619053, 1492644741.4219627, 1492645018.821139, 1492645313.6363795, 1492645639.481952, 1492645944.5782442, 1492646262.864651, 1492646592.3857548, 1492646958.3136814, 1492647249.9499738, 1492647635.505025, 1492648144.366879, 1492648567.7777483, 1492648877.9368358, 1492649214.444961, 1492649643.795177, 1492649982.7684321, 1492650263.199093, 1492650570.9627585, 1492650904.1103852, 1492651118.9034908, 1492651332.1957693, 1492651795.1843636, 1492652174.3256006, 1492652602.5966158, 1492652904.4407449, 1492653229.822274, 1492653579.6651976, 1492653891.3243527, 1492654224.0409868, 1492654741.101471, 1492655160.6793108, 1492655481.1965275, 1492656153.6406784, 1492656894.3985846, 1492657262.4156046, 1492657503.8564851, 1492657801.4293818, 1492658114.0084057, 1492658564.0514832, 1492658895.1539125, 1492659297.7720263, 1492659565.2534173, 1492659900.486025, 1492660337.4625535, 1492660658.308247], "initial_reset_timestamp": 1492611338.3283656, "episode_lengths": [435, 542, 397, 549, 331, 567, 386, 354, 630, 209, 544, 388, 308, 533, 343, 282, 564, 331, 488, 357, 643, 327, 524, 533, 305, 586, 210, 383, 495, 344, 411, 414, 630, 245, 185, 311, 372, 213, 210, 350, 531, 414, 770, 430, 304, 616, 352, 370, 305, 241, 600, 641, 656, 494, 364, 373, 480, 319, 564, 666, 426, 834, 456, 795, 371, 533, 411, 559, 520, 486, 491, 698, 397, 603, 460, 538, 497, 307, 799, 541, 402, 591, 570, 619, 482, 417, 663, 477, 466, 449, 508, 425, 647, 518, 487, 480, 685, 560, 581, 452, 386, 546, 478, 941, 745, 543, 587, 668, 611, 519, 432, 667, 454, 808, 627, 1064, 587, 574, 714, 714, 565, 523, 370, 525, 434, 660, 494, 691, 751, 830, 550, 364, 841, 748, 924, 903, 705, 682, 566, 655, 702, 578, 977, 773, 502, 733, 770, 765, 793, 694, 750, 753, 854, 663, 746, 742, 958, 678, 720, 801, 724, 778, 795, 882, 704, 936, 1243, 1023, 754, 813, 1043, 821, 670, 744, 805, 511, 513, 1098, 884, 1006, 706, 763, 818, 722, 771, 1102, 920, 796, 948, 1133, 719, 463, 570, 727, 1172, 869, 992, 715, 898, 1180, 861]}