{"initial_reset_timestamp": 1492438200.90386, "timestamps": [1492438291.352023, 1492438356.7963002, 1492438425.5143042, 1492438506.367026, 1492438578.067011, 1492438639.703055, 1492438730.7597313, 1492438846.452111, 1492438912.6568906, 1492438980.7675757, 1492439048.5825264, 1492439130.8711567, 1492439238.6023078, 1492439335.3639126, 1492439450.6392288, 1492439513.8696015, 1492439617.4121404, 1492439744.2254431, 1492439819.2115395, 1492439904.1103642, 1492439974.3872318, 1492440073.7125044, 1492440157.0857275, 1492440255.8932426, 1492440326.2008123, 1492440389.689539, 1492440461.305183, 1492440563.3401864, 1492440666.1707714, 1492440735.5034945, 1492440804.6172342, 1492440878.5701978, 1492440963.043746, 1492441035.9612248, 1492441101.788397, 1492441228.9234302, 1492441346.2335594, 1492441447.3152583, 1492441523.503079, 1492441614.0880904, 1492441744.9095252, 1492441866.5161736, 1492441935.4680693, 1492442038.7988024, 1492442101.83348, 1492442247.2928936, 1492442332.3168633, 1492442434.648707, 1492442532.0016203, 1492442610.5088248, 1492442699.0898218, 1492442771.645558, 1492442887.3984632, 1492443021.611372, 1492443090.9230525, 1492443187.5698204, 1492443336.974625, 1492443406.8115354, 1492443477.603593, 1492443562.922042, 1492443637.675695, 1492443708.3181303, 1492443796.21956, 1492443884.5601797, 1492443954.8334265, 1492444050.9129481, 1492444144.1802804, 1492444214.531064, 1492444327.931116, 1492444438.0334847, 1492444560.9977694, 1492444650.0768137, 1492444761.0509007, 1492444849.9618673, 1492444972.2377088, 1492445045.8043597, 1492445187.8938975, 1492445284.7101967, 1492445363.2658079, 1492445438.4792497, 1492445508.4002547, 1492445595.144767, 1492445663.3010087, 1492445761.9714322, 1492445858.0199208, 1492445957.3284953, 1492446037.939578, 1492446112.062634, 1492446210.6412964, 1492446281.2471025, 1492446371.0637379, 1492446460.1090999, 1492446562.5534327, 1492446641.3976147, 1492446756.2146878, 1492446844.55843, 1492446918.4692838, 1492447032.053186, 1492447169.1059265, 1492447241.0280075, 1492447326.2483983, 1492447398.0279725, 1492447495.7908182, 1492447570.4901288, 1492447684.2647195, 1492447818.8189766, 1492447914.591311, 1492448044.082351, 1492448129.294441, 1492448203.504155, 1492448298.0030992, 1492448405.3433056, 1492448496.5776465, 1492448568.8428576, 1492448661.5669181, 1492448738.6763854, 1492448810.8806345, 1492448890.2291048, 1492448974.835396, 1492449101.477895, 1492449262.2204528, 1492449380.3079882, 1492449451.223117, 1492449528.624164, 1492449625.9913049, 1492449709.3946896, 1492449893.509037, 1492449960.9099848, 1492450057.5135992, 1492450159.784428, 1492450239.1151006, 1492450393.5416992, 1492450486.5670593, 1492450624.1895132, 1492450739.6959033, 1492450841.4400213, 1492450940.9157388, 1492451012.1286578, 1492451096.7911742, 1492451256.2983866, 1492451363.5210364, 1492451507.5891092, 1492451578.8896415, 1492451662.9021523, 1492451763.415457, 1492451898.0317924, 1492452008.69373, 1492452116.3059063, 1492452260.001495, 1492452338.3656766, 1492452453.2587159, 1492452536.5997088, 1492452632.1833634, 1492452750.632445, 1492452822.7229767, 1492452903.1028688, 1492453041.409886, 1492453202.35712, 1492453350.8983965, 1492453495.9776046, 1492453567.204216, 1492453664.8981848, 1492453765.833356, 1492453845.8059123, 1492453990.427069, 1492454096.5073254, 1492454193.661631, 1492454293.5183258, 1492454379.9020054, 1492454513.890599, 1492454615.8030171, 1492454746.2678666, 1492454825.286523, 1492454903.1884823, 1492455064.340498, 1492455214.0085182, 1492455332.3411417, 1492455403.0758464, 1492455527.9457576, 1492455647.8489728, 1492455722.6403434, 1492455838.3320818, 1492455964.3328798, 1492456034.9303637, 1492456208.8541434, 1492456348.610937, 1492456480.2436166, 1492456584.6382058, 1492456699.3336105, 1492456859.7752132, 1492456964.0203497, 1492457085.2608933, 1492457166.4394176, 1492457264.2566357, 1492457365.7396991, 1492457509.6660624, 1492457613.642378, 1492457690.6472723, 1492457790.6020558, 1492457938.8590693, 1492458021.5958362, 1492458125.422996, 1492458214.3791647, 1492458352.828806, 1492458436.7815855, 1492458510.4675477, 1492458611.5529041, 1492458760.3229568, 1492458887.030815, 1492459009.7529876, 1492459135.0765061, 1492459210.044819, 1492459323.391361, 1492459445.3703642, 1492459553.3672924, 1492459666.2669213, 1492459783.917923, 1492459868.8521605, 1492459941.3631203, 1492460070.026057, 1492460191.2221782, 1492460385.3172948, 1492460482.2442467, 1492460622.536048, 1492460778.9819524, 1492460856.7408338, 1492460999.5889537, 1492461093.5463488, 1492461177.603043, 1492461247.578052, 1492461470.2273107, 1492461575.959404, 1492461739.8157563, 1492461864.439245, 1492462077.6926446, 1492462221.8879116, 1492462353.6756358, 1492462483.910365, 1492462586.5436275, 1492462682.641268, 1492462800.8256958, 1492462959.841986, 1492463037.0389564, 1492463166.2830744, 1492463250.7485318, 1492463337.155293, 1492463410.6524258, 1492463515.3666484, 1492463614.2613337, 1492463820.949656, 1492463921.798525, 1492464082.1345391, 1492464166.4740784, 1492464261.8383543, 1492464383.941354, 1492464497.7362382, 1492464600.7905285, 1492464726.684012, 1492464842.1237426, 1492464945.5495083, 1492465035.488481, 1492465177.2639382, 1492465266.4129121, 1492465396.2903447, 1492465492.352054, 1492465613.920052, 1492465716.9878042, 1492465839.0293543, 1492465955.215886, 1492466043.3797808, 1492466163.4343898, 1492466345.5276947, 1492466444.9975271, 1492466584.826213, 1492466662.1907158, 1492466750.7494226, 1492466892.2237327, 1492466963.2399616, 1492467072.0530045, 1492467240.4093547, 1492467316.665935, 1492467431.431873, 1492467567.6620252, 1492467732.1419792, 1492467828.2789116, 1492467926.1880722, 1492468060.972441, 1492468161.845651, 1492468236.8076594, 1492468320.26135, 1492468394.3049164, 1492468521.0871086, 1492468631.5216432, 1492468761.1049995, 1492468864.9781425, 1492468978.3833082, 1492469141.9190018, 1492469264.228975, 1492469343.5425174, 1492469462.3101811, 1492469551.0163834, 1492469666.480536, 1492469771.2480056, 1492469902.0365658, 1492470023.5342255, 1492470180.0067215, 1492470271.342973, 1492470392.3314638, 1492470466.3546538, 1492470594.5507176, 1492470762.0101075, 1492470867.6362915, 1492470946.110613, 1492471112.6238897, 1492471263.322991, 1492471424.8868992, 1492471532.1356795, 1492471626.5147474, 1492471863.648792, 1492471968.0554218, 1492472102.6236331, 1492472197.92145, 1492472300.8362927, 1492472408.3380253, 1492472556.339895, 1492472684.109594, 1492472815.0270216, 1492472922.3342144, 1492472994.7862782, 1492473088.6326559, 1492473215.667048, 1492473336.0283823, 1492473415.795085, 1492473537.1701107, 1492473652.8738432, 1492473825.8684943, 1492473951.6456084, 1492474036.4506912, 1492474151.3836029, 1492474255.293697, 1492474381.7218874, 1492474535.5565808, 1492474611.5288463, 1492474735.2611685, 1492474849.3101964, 1492474944.6126487, 1492475071.191187, 1492475191.0779243, 1492475330.0849516, 1492475467.8194368, 1492475623.3751514, 1492475775.5334456, 1492475857.3950012, 1492475964.4649692, 1492476070.776685, 1492476252.021189, 1492476401.3323638, 1492476494.1142852, 1492476574.2050889, 1492476677.594154, 1492476803.2098393, 1492476931.5123594, 1492477010.614893, 1492477086.8026946, 1492477236.9817345, 1492477338.7599537, 1492477447.9430797, 1492477637.4770908, 1492477735.4259782, 1492477832.8418221, 1492477915.8934824, 1492478012.380409, 1492478160.407348, 1492478343.7925537, 1492478462.2857122, 1492478605.1078055, 1492478714.0009413, 1492478842.6958208, 1492478943.3865087, 1492479099.6493044, 1492479242.343584, 1492479336.9759798, 1492479412.638476, 1492479496.9442642, 1492479597.2773056, 1492479677.13929, 1492479751.331096, 1492479941.0551665, 1492480008.2045186, 1492480143.3416262, 1492480270.233334, 1492480341.0820582, 1492480413.015663, 1492480521.782439, 1492480636.5633337, 1492480714.5317516, 1492480809.3026106, 1492480932.2365675, 1492481045.9409204, 1492481186.0220647, 1492481285.9763489, 1492481414.7526543, 