{"episode_rewards": [3.0, 2.0, 4.0, 0.0, 0.0, 1.0, 2.0, 0.0, 3.0, 2.0, 0.0, 2.0, 2.0, 0.0, 2.0, 2.0, 0.0, 3.0, 1.0, 3.0, 0.0, 5.0, 0.0, 3.0, 5.0, 1.0, 4.0, 2.0, 0.0, 2.0, 0.0, 1.0, 1.0, 0.0, 2.0, 0.0, 4.0, 3.0, 1.0, 2.0, 3.0, 2.0, 3.0, 2.0, 2.0, 2.0, 0.0, 3.0, 3.0, 3.0, 4.0, 2.0, 2.0, 4.0, 1.0, 0.0, 1.0, 2.0, 3.0, 3.0, 0.0, 0.0, 6.0, 3.0, 5.0, 1.0, 1.0, 3.0, 5.0, 1.0, 1.0, 3.0, 1.0, 2.0, 1.0, 4.0, 2.0, 1.0, 8.0, 3.0, 3.0, 2.0, 3.0, 0.0, 2.0, 1.0, 1.0, 2.0, 1.0, 3.0, 2.0, 4.0, 2.0, 2.0, 3.0, 3.0, 2.0, 4.0, 1.0, 2.0, 0.0, 1.0, 2.0, 3.0, 2.0, 1.0, 1.0, 5.0, 2.0, 2.0, 2.0, 4.0, 2.0, 0.0, 0.0, 2.0, 0.0, 3.0, 3.0, 3.0, 8.0, 5.0, 3.0, 6.0, 2.0, 5.0, 3.0, 5.0, 4.0, 2.0, 6.0, 4.0, 4.0, 3.0, 3.0, 5.0, 3.0, 3.0, 5.0, 4.0, 2.0, 2.0, 1.0, 0.0, 4.0, 5.0, 2.0, 4.0, 3.0, 6.0, 4.0, 3.0, 2.0], "initial_reset_timestamp": 1492535118.002966, "timestamps": [1492535252.517434, 1492535364.7560666, 1492535504.848687, 1492535585.3975744, 1492535649.0478106, 1492535740.0250862, 1492535842.8918178, 1492535924.3275967, 1492536058.3746078, 1492536179.6190968, 1492536250.889886, 1492536349.0108218, 1492536463.2038608, 1492536528.405596, 1492536645.3430896, 1492536748.0557618, 1492536823.2074234, 1492536938.9214334, 1492537041.5269537, 1492537158.9744854, 1492537225.8274982, 1492537397.3426886, 1492537473.6826665, 1492537601.7758446, 1492537785.7208655, 1492537880.3247163, 1492538049.9666672, 1492538143.0818138, 1492538208.8077412, 1492538312.8225174, 1492538378.139965, 1492538468.242445, 1492538570.2928214, 1492538660.5185819, 1492538794.6254985, 1492538863.9724536, 1492539024.9475007, 1492539150.7591927, 1492539248.0343008, 1492539375.1136198, 1492539491.1128278, 1492539603.7662132, 1492539718.5197074, 1492539814.4215708, 1492539952.9785795, 1492540057.128396, 1492540127.0457916, 1492540258.4595952, 1492540396.2914786, 1492540532.467019, 1492540669.2442245, 1492540816.933575, 1492540928.0253463, 1492541108.1469617, 1492541219.8128617, 1492541290.3735113, 1492541373.4946833, 1492559216.4437728, 1492559365.6710875, 1492559502.9854465, 1492559579.063597, 1492559650.444296, 1492559841.750717, 1492559975.996464, 1492560158.770053, 1492560283.680983, 1492560423.2657313, 1492560569.5090046, 1492560765.375942, 1492560920.8161292, 1492561019.4081988, 1492561191.9531243, 1492561302.9175603, 1492561434.2401004, 1492561566.2845042, 1492561834.0438592, 1492562040.309299, 1492562277.1019597, 1492562509.6469915, 1492562787.4073257, 1492563148.8391142, 1492563452.826785, 1492563631.2083902, 1492563743.3764272, 1492563925.6858704, 1492564113.4255085, 1492564254.610182, 1492564422.9573936, 1492564664.585834, 1492564920.010964, 1492565111.7845519, 1492565343.2668867, 1492565553.5036225, 1492565723.0857065, 1492565907.3452404, 1492566103.2129762, 1492566301.648411, 1492566509.5151556, 1492566629.8146336, 1492566799.9766004, 1492566935.0204687, 1492567033.667493, 1492567151.2085273, 1492567312.4829872, 1492567431.2156987, 1492567578.9127429, 1492567707.7116685, 1492567970.4511847, 1492568178.9757617, 1492568375.5877903, 1492568548.3329163, 1492568717.165012, 1492568847.6869495, 1492569005.2245543, 1492569106.228899, 1492569240.5339475, 1492569311.0066016, 1492569443.2467341, 1492569591.5166228, 1492569742.8797317, 1492569943.162061, 1492570127.313317, 1492570252.365096, 1492570428.9923298, 1492570559.053887, 1492570737.3789728, 1492570888.8183017, 1492571082.2476027, 1492571252.6644418, 1492571401.5064409, 1492571593.4634886, 1492571818.751818, 1492571969.8694878, 1492572151.2072394, 1492572286.8400707, 1492572497.5017982, 1492572633.454391, 1492572746.4427495, 1492572929.0289898, 1492573116.4508555, 1492573251.0853198, 1492573392.8740942, 1492573511.7414007, 1492573602.131958, 1492573794.3145328, 1492573997.7592623, 1492574150.1712892, 1492574314.3322542, 1492574462.9319453, 1492574705.300838, 1492574887.9084215, 1492575058.8446448, 1492575188.1158702], "episode_lengths": [384, 316, 388, 220, 174, 248, 291, 227, 378, 340, 195, 274, 319, 178, 325, 284, 205, 318, 280, 324, 179, 476, 206, 350, 506, 252, 453, 266, 185, 277, 173, 245, 272, 228, 364, 185, 440, 335, 275, 360, 328, 321, 326, 270, 393, 283, 188, 356, 373, 376, 373, 404, 301, 494, 302, 187, 221, 399, 393, 356, 200, 196, 539, 326, 452, 350, 361, 380, 531, 419, 264, 432, 246, 313, 226, 412, 300, 347, 592, 453, 480, 449, 417, 272, 344, 332, 251, 304, 516, 416, 311, 373, 322, 344, 393, 358, 357, 369, 211, 333, 336, 250, 300, 407, 327, 418, 280, 467, 351, 330, 376, 430, 333, 375, 246, 370, 187, 375, 405, 378, 524, 492, 348, 502, 368, 483, 404, 536, 476, 398, 511, 598, 422, 491, 364, 537, 353, 302, 490, 506, 360, 371, 304, 209, 453, 487, 359, 391, 351, 581, 446, 422, 316], "episode_types": ["t", "t", "t", "t", "t", "t", "t", "t", "t", "t", "t", "t", "t", "t", "t", "t", "t", "t", "t", "t", "t", "t", "t", "t", "t", "t", "t", "t", "t", "t", "t", "t", "t", "t", "t", "t", "t", "t", "t", "t", "t", "t", "t", "t", "t", "t", "t", "t", "t", "t", "t", "t", "t", "t", "t", "t", "t", "t", "t", "t", "t", "t", "t", "t", "t", "t", "t", "t", "t", "t", "t", "t", "t", "t", "t", "t", "t", "t", "t", "t", "t", "t", "t", "t", "t", "t", "t", "t", "t", "t", "t", "t", "t", "t", "t", "t", "t", "t", "t", "t", "t", "t", "t", "t", "t", "t", "t", "t", "t", "t", "t", "t", "t", "t", "t", "t", "t", "t", "t", "t", "t", "t", "t", "t", "t", "t", "t", "t", "t", "t", "t", "t", "t", "t", "t", "t", "t", "t", "t", "t", "t", "t", "t", "t", "t", "t", "t", "t", "t", "t", "t", "t", "t", "t"]}