{"episode_lengths": [211, 168, 314, 188, 177, 230, 278, 241, 172, 307, 335, 242, 273, 381, 402, 316, 175, 221, 173, 167, 246, 286, 241, 369, 265, 302, 285, 177, 212, 228, 263, 176, 170, 239, 246, 171, 422, 299, 248, 178, 248, 305, 213, 185, 317, 220, 291, 253, 294, 171, 233, 185, 272, 240, 259, 206, 362, 344, 311, 296, 238, 161, 245, 248, 235, 172, 279, 246, 173, 192, 205, 171, 192, 247, 273, 207, 308, 302, 239, 181, 247, 266, 384, 216, 314, 211, 260, 273, 169, 193, 227, 192, 221, 251, 340, 304, 173, 270, 186, 177, 233, 185, 295, 238, 415, 234, 216, 301, 228, 180, 464, 175, 246, 235, 363, 287, 315, 174, 213, 178, 374, 383, 269, 351, 285, 240, 175, 203, 300, 253, 183, 169, 186, 239, 244, 470, 267, 164, 192, 395, 365, 168, 237, 173, 341, 242, 214, 248, 170, 313, 163, 265, 214, 175, 164, 308, 299, 209, 192, 187, 162, 243, 174, 210, 357, 158, 218, 327, 226, 170, 226, 179, 306, 220, 195, 182, 241, 273, 180, 291, 208, 209, 161, 262, 315, 270, 196, 254, 213, 233, 251, 173, 278, 346, 341, 175, 171, 181, 201, 411, 324, 241, 266, 212, 248, 234, 193, 238, 249, 220, 220, 239, 190, 236, 172, 366, 310, 171, 243, 180, 171, 339, 183, 283, 173, 244, 273, 288, 234, 237, 221, 229, 339, 284, 235, 271, 208, 227, 242, 214, 180, 284, 235, 352, 248, 172, 209, 291, 359, 266, 243, 221, 249, 278, 189, 212, 221, 225, 176, 274, 279, 353, 235, 287, 299, 401, 225, 299, 188, 170, 376, 383, 177, 231, 240, 226, 200, 160, 342, 283, 208, 240, 352, 196, 225, 179, 178, 280, 176, 241, 223, 238, 171, 278, 249, 213, 178, 285, 290, 289, 273, 244, 244, 186, 179, 176, 218, 404, 238, 390, 194, 178, 302, 187, 189, 176, 205, 209, 367, 163, 314, 298, 166, 307, 367, 225, 178, 204, 178, 296, 223, 287, 225, 240, 241, 302], "timestamps": [1492357053.7306712, 1492357115.0260475, 1492357232.7904797, 1492357302.1075854, 1492357369.781462, 1492357458.823727, 1492357566.1902876, 1492357660.5908597, 1492357730.7387729, 1492357848.6987722, 1492357978.2061508, 1492358072.1314187, 1492358183.0964262, 1492358331.092558, 1492358492.220737, 1492358614.8154545, 1492358683.2022693, 1492358770.7597256, 1492358841.147321, 1492358909.311198, 1492359008.3720403, 1492359121.5371208, 1492359218.663487, 1492359364.3299632, 1492359469.984962, 1492359590.5739048, 1492359703.7238448, 1492359776.054723, 1492359860.8099756, 1492359951.6914623, 1492360065.8001175, 1492360145.2903316, 1492360219.004037, 1492360323.585341, 1492360430.8475409, 1492360501.7947364, 1492360673.0730236, 1492360795.157147, 1492360897.1183786, 1492360971.8117487, 1492361076.0390933, 1492361204.68927, 1492361293.7199674, 1492361370.9653528, 1492361500.5441246, 1492361592.084043, 1492361711.4972148, 1492361815.0644765, 1492361935.4505706, 1492362006.564846, 1492362102.656454, 1492362177.7016454, 1492362286.0823739, 1492362382.123479, 1492362486.1459863, 1492362569.1888986, 1492362715.6875508, 1492362854.1779046, 1492362980.477887, 1492363098.3641202, 1492363193.723789, 1492363259.2101908, 1492363357.138366, 1492363456.348353, 1492363551.0406382, 1492363621.1195319, 1492363733.225114, 1492363833.2168126, 1492363904.0175295, 1492363981.816284, 1492364064.4431398, 1492364134.248843, 1492364211.8899412, 1492364311.1885903, 1492364419.7996476, 1492364503.4236643, 1492364626.0156267, 1492364746.7643301, 1492364842.8226197, 1492364917.036436, 1492365017.0434282, 1492365125.3910494, 1492365279.2153327, 1492365368.0933516, 1492365493.7800596, 1492365580.2031064, 1492365684.4556417, 1492365793.5168645, 1492365862.3673844, 1492365940.7356758, 1492366032.2543006, 1492366110.021978, 1492366200.202067, 1492366301.5307217, 1492366439.3659222, 1492366564.769317, 1492366635.744361, 1492366746.021982, 1492366822.0100093, 1492366894.1268299, 1492366988.1450672, 1492367063.5263999, 1492367181.1388054, 1492367277.0330324, 1492367448.5913236, 1492367543.8275275, 1492367636.03705, 1492367757.3697968, 1492367853.2807937, 1492367928.0657089, 1492368117.0129545, 1492368189.9115534, 1492368292.0496428, 1492368388.8738928, 1492368536.1035058, 1492368654.3779273, 1492368782.4647493, 1492368855.215603, 1492368943.2275171, 1492369017.0678053, 1492369168.6447253, 1492369327.4428625, 1492369441.199206, 1492369583.9667382, 1492369700.3519416, 1492369798.9968112, 1492369871.6756744, 1492369955.3837166, 1492370079.1625865, 1492370182.2741303, 1492370257.6602168, 1492370327.7285626, 1492370403.9665587, 1492370501.181664, 1492370599.8899658, 1492370788.6644366, 1492370896.2611918, 1492370963.950154, 1492371042.5289571, 1492371209.041046, 1492371360.7739275, 1492371423.6704345, 1492371503.8219464, 1492371567.952351, 1492371685.539041, 1492371774.1280873, 1492371852.5106175, 1492371944.1759813, 1492372009.0682497, 1492372125.7950957, 1492372185.5004237, 1492372282.9218755, 1492372349.3580346, 1492372413.5334935, 1492372473.7142134, 1492372585.4122944, 1492372694.0033634, 1492372761.0698876, 1492372831.691135, 1492372902.4904723, 1492372964.407035, 1492373054.932592, 1492373121.5274732, 1492373200.2695012, 1492373331.175788, 1492373390.900615, 1492373472.5177011, 1492373593.3832304, 1492373678.9900618, 1492373743.9320083, 1492373828.3892102, 1492373896.3720925, 1492374010.6098566, 1492374091.6046748, 1492374162.9698403, 1492374230.5325809, 1492374318.536098, 1492374418.9413643, 1492374486.3887012, 1492374594.3222158, 1492374672.8144705, 1492374752.9308822, 1492374815.6752405, 1492374915.0811615, 1492375034.0963573, 1492375135.864799, 1492375210.6183875, 1492375308.860762, 1492375390.6412637, 1492375481.3273194, 1492375587.70446, 1492375661.035369, 1492375778.309339, 1492375921.92655, 1492376064.1865036, 1492376138.42151, 1492376212.0555875, 1492376288.4632113, 1492376374.355289, 1492376543.5547898, 1492376674.5328252, 1492376774.4802115, 1492376880.4537148, 1492376965.7338269, 1492377055.0920403, 1492377141.4062214, 1492377212.8291483, 1492377302.0999897, 1492377394.857654, 1492377477.4543252, 1492377560.9418056, 1492377650.572582, 1492377722.7126284, 1492377811.2129798, 1492377876.466752, 1492378012.6553972, 1492378127.798429, 1492378192.6549923, 1492378283.7993424, 1492378357.532734, 1492378428.9785624, 1492378567.0974002, 1492378643.7276366, 1492378759.2850115, 1492378831.4498267, 1492378931.659555, 1492379043.3955727, 1492379161.5770886, 1492379258.6695735, 1492379356.4964325, 1492379447.6117556, 1492379542.1601205, 1492379680.5349796, 1492379796.5771387, 1492379895.2748075, 1492380006.6874962, 1492380093.9175189, 1492380187.8449836, 1492380287.476679, 1492380375.9832075, 1492380451.6691585, 1492380568.3895135, 1492380666.347752, 1492380811.1765325, 1492380918.3089907, 1492380991.5139682, 1492381080.5209103, 1492381200.8789973, 1492381348.3837123, 1492381456.7179894, 1492381553.3912933, 1492381634.1904747, 1492381726.0647502, 1492381825.7567036, 1492381894.6426568, 1492381974.706175, 1492382058.4580991, 1492382142.4950933, 1492382209.8138292, 1492382312.5013313, 1492382416.3797965, 1492382546.4885137, 1492382634.6000962, 1492382741.348325, 1492382852.7819874, 1492383001.8916786, 1492383085.8147867, 1492383196.2486017, 1492383266.56049, 1492383330.4748063, 1492383468.59213, 1492383610.2756867, 1492383676.4598916, 1492383762.4330597, 1492383851.4603999, 1492383935.4467156, 1492384009.4779682, 1492384069.4959505, 1492384195.8925323, 1492384300.4360173, 1492384381.087694, 1492384475.704662, 1492384609.436954, 1492384685.351505, 1492384771.7366128, 1492384840.8236775, 1492384909.8911695, 1492385016.40729, 1492385084.2957878, 1492385176.8267798, 1492385263.1369834, 1492385356.0686042, 1492385425.5955915, 1492385531.7946174, 1492385627.652732, 1492385710.493832, 1492385779.7918384, 1492385888.9911344, 1492386000.8621318, 1492386111.3409457, 1492386231.2991781, 1492386348.330681, 1492386453.8951938, 1492386532.68411, 1492386601.8003657, 1492386665.0010905, 1492386744.102109, 1492386891.0874887, 1492386978.9500897, 1492387120.5326154, 1492387194.9880123, 1492387261.8990085, 1492387372.5515277, 1492387442.841942, 1492387513.7791526, 1492387579.4978952, 1492387655.9467494, 1492387735.5169833, 